nickelback|nickelback
admin|admin
tfranks|tfranks
zroberts|zroberts
mmcleod|mmcleod
esnyder|esnyder
